"[Repository]","[Page]","[Object]","[Name]","[Type]","[Identifier Type]","[Identifier Value]","[Locators]","[Properties]"
"","Business","InsuranceHistory","InsuranceHistory","Radio","Xpath","//label[contains(text(),'No, not required')]//preceding-sibling::span","{""xpath"":""//label[contains(text(),'No, not required')]//preceding-sibling::span""}","{}"
"","Business","NamedAdditionalInsureds","NamedAdditionalInsureds","Text Box","Xpath","//input[@fieldref='MoreBusinessInput.AdditionalInsuredCount']","{""xpath"":""//input[@fieldref='MoreBusinessInput.AdditionalInsuredCount']""}","{}"
"","Business","NamedWaiverOfSubrogationholders","NamedWaiverOfSubrogationholders","Text Box","Xpath","//input[@fieldref='MoreBusinessInput.WaiverOfSubrogationCount']","{""xpath"":""//input[@fieldref='MoreBusinessInput.WaiverOfSubrogationCount']""}","{}"
"","Business","NoSnapshotProview","NoSnapshotProview","Radio","Xpath","//h2[text()='Snapshot ProView: Safety Means Savings']//following-sibling::div//label[text()='No']//preceding-sibling::span","{""xpath"":""//h2[text()='Snapshot ProView: Safety Means Savings']//following-sibling::div//label[text()='No']//preceding-sibling::span""}","{}"
"","Business","OtherBusinessInsurance","OtherBusinessInsurance","Radio","Xpath","//label[contains(text(),'None')]//preceding-sibling::span","{""xpath"":""//label[contains(text(),'None')]//preceding-sibling::span""}","{}"
"","Business","Save&Continue","Save&Continue","Button","Xpath","//span[@fieldref='Save & Continue']","{""xpath"":""//span[@fieldref='Save & Continue']""}","{}"
"","Business","TestDemo","TestDemo","Web Element","Xpath","sdfdsfsd","{""xpath"":""sdfdsfsd""}","{}"
"","Business","Testing12345","Testing12345","Web Element","Xpath","ffdgdfgss","{""xpath"":""ffdgdfgss""}","{}"
"","Business","Version11","Version11","Web Element","Xpath","fsdfsd","{""xpath"":""fsdfsd""}","{}"
"","Commercial_Auto","Address","Address","Text Box","Xpath","//input[@fieldref='BusinessOwnerHomeAddressInput.Address']","{""xpath"":""//input[@fieldref='BusinessOwnerHomeAddressInput.Address']""}","{}"
"","Commercial_Auto","Business Radio button","Business Radio button","Radio","Xpath","//label[contains(text(),'Individual / Sole Proprietor')]//preceding-sibling::span","{""xpath"":""//label[contains(text(),'Individual / Sole Proprietor')]//preceding-sibling::span""}","{}"
"","Commercial_Auto","City","City","Text Box","Xpath","//input[@fieldref='BusinessOwnerHomeAddressInput.City']","{""xpath"":""//input[@fieldref='BusinessOwnerHomeAddressInput.City']""}","{}"
"","Commercial_Auto","CurrentlyInsured?","CurrentlyInsured?","Radio","Xpath","//label[contains(text(),'Progressive Commercial Auto?')]//parent::div//parent::div//following-sibling::div/div//td//label[text()='No']//preceding-sibling::span/input","{""xpath"":""//label[contains(text(),'Progressive Commercial Auto?')]//parent::div//parent::div//following-sibling::div/div//td//label[text()='No']//preceding-sibling::span/input""}","{}"
"","Commercial_Auto","DOB","DOB","Text Box","Xpath","//input[@fieldref='AccountInput.BusinessOwnerDOB']","{""xpath"":""//input[@fieldref='AccountInput.BusinessOwnerDOB']""}","{}"
"","Commercial_Auto","FirstName","FirstName","Text Box","Xpath","//input[@fieldref='AccountInput.BusinessOwnerName']","{""xpath"":""//input[@fieldref='AccountInput.BusinessOwnerName']""}","{}"
"","Commercial_Auto","KeyWord","KeyWord","Text Box","Xpath","//input[@fieldref='AccountInputNonShredded.BusinessDescriptionSearch']","{""xpath"":""//input[@fieldref='AccountInputNonShredded.BusinessDescriptionSearch']""}","{}"
"","Commercial_Auto","LastName","LastName","Text Box","Xpath","//input[@fieldref='AccountInput.BusinessOwnerLastName']","{""xpath"":""//input[@fieldref='AccountInput.BusinessOwnerLastName']""}","{}"
"","Commercial_Auto","StartQuote","StartQuote","Button","Xpath","//span[@fieldref='Ok, start quote.']","{""xpath"":""//span[@fieldref='Ok, start quote.']""}","{}"
"","Commercial_Auto","USDOT Number Radio button","USDOT Number Radio button","Radio","Xpath","//label[contains(text(),'No - and the customer')]//preceding-sibling::span","{""xpath"":""//label[contains(text(),'No - and the customer')]//preceding-sibling::span""}","{}"
"","Commercial_Auto","Wait","Wait","Web Element","NA","NA","{""na"":""NA""}","{}"
"","Commercial_Auto","ZipCode","ZipCode","Text Box","Xpath","//input[@fieldref='BusinessOwnerHomeAddressInput.Zipcode']","{""xpath"":""//input[@fieldref='BusinessOwnerHomeAddressInput.Zipcode']""}","{}"
"","Drivers","DrivingHistory","DrivingHistory","Radio","Xpath","//label[text()='No']//preceding-sibling::span","{""xpath"":""//label[text()='No']//preceding-sibling::span""}","{}"
"","Drivers","Save&Continue","Save&Continue","Button","Xpath","//div[@class='styleWithOutPanels']/div[3]/div[2]/div/div/div/div[4]//span","{""xpath"":""//div[@class='styleWithOutPanels']/div[3]/div[2]/div/div/div/div[4]//span""}","{}"
"","Drivers","Save&Continue2","Save&Continue2","Button","Xpath","//div[@id='main']/div[1]/div/div[8]//span[@fieldref='Save & Continue']","{""xpath"":""//div[@id='main']/div[1]/div/div[8]//span[@fieldref='Save & Continue']""}","{}"
"","FinalDetails","AddSpouse","AddSpouse","Radio","Xpath","//label[text()='No']//preceding-sibling::span","{""xpath"":""//label[text()='No']//preceding-sibling::span""}","{}"
"","FinalDetails","AgenOfRecord","AgenOfRecord","Text Box","Xpath","//input[@fieldref='PolicyInput.AgentOfRecord']","{""xpath"":""//input[@fieldref='PolicyInput.AgentOfRecord']""}","{}"
"","FinalDetails","AllowService","AllowService","Radio","Xpath","//label[contains(text(),'providers to contact them for this purpose?')]//parent::div//parent::div[@class='downBeforeFormLabel']//following-sibling::div//label[text()='Yes']//preceding-sibling::span/input","{""xpath"":""//label[contains(text(),'providers to contact them for this purpose?')]//parent::div//parent::div[@class='downBeforeFormLabel']//following-sibling::div//label[text()='Yes']//preceding-sibling::span/input""}","{}"
"","FinalDetails","DrivingLicense","DrivingLicense","Text Box","Xpath","//input[@fieldref='DriverInput.DriverLicenseNumber']","{""xpath"":""//input[@fieldref='DriverInput.DriverLicenseNumber']""}","{}"
"","FinalDetails","NoAdditionalInsureds","NoAdditionalInsureds","Radio","Xpath","//label[contains(text(),'extra named additional insureds?')]//parent::div//parent::div[@class='downBeforeFormLabel']//following-sibling::div//label[text()='No']//preceding-sibling::span/input","{""xpath"":""//label[contains(text(),'extra named additional insureds?')]//parent::div//parent::div[@class='downBeforeFormLabel']//following-sibling::div//label[text()='No']//preceding-sibling::span/input""}","{}"
"","FinalDetails","NoWaiversofSubrogation","NoWaiversofSubrogation","Radio","Xpath","//label[contains(text(),'extra named waivers of subrogation?')]//parent::div//parent::div[@class='downBeforeFormLabel']//following-sibling::div//label[text()='No']//preceding-sibling::span/input","{""xpath"":""//label[contains(text(),'extra named waivers of subrogation?')]//parent::div//parent::div[@class='downBeforeFormLabel']//following-sibling::div//label[text()='No']//preceding-sibling::span/input""}","{}"
"","FinalDetails","OrderReports","OrderReports","Radio","Xpath","//label[text()='Yes, order reports']//preceding-sibling::span","{""xpath"":""//label[text()='Yes, order reports']//preceding-sibling::span""}","{}"
"","FinalDetails","PhoneAreaCode","PhoneAreaCode","Text Box","Xpath","//input[@fieldref='MailingAddressInput.PhoneAreaCodeString']","{""xpath"":""//input[@fieldref='MailingAddressInput.PhoneAreaCodeString']""}","{}"
"","FinalDetails","PhoneFourDigits","PhoneFourDigits","Text Box","Xpath","//input[@fieldref='MailingAddressInput.PhoneFourDigitsString']","{""xpath"":""//input[@fieldref='MailingAddressInput.PhoneFourDigitsString']""}","{}"
"","FinalDetails","PhoneThreeDigits","PhoneThreeDigits","Text Box","Xpath","//input[@fieldref='MailingAddressInput.PhoneThreeDigitsString']","{""xpath"":""//input[@fieldref='MailingAddressInput.PhoneThreeDigitsString']""}","{}"
"","FinalDetails","Save&Continue","Save&Continue","Button","Xpath","//span[@fieldref='Save & Continue']","{""xpath"":""//span[@fieldref='Save & Continue']""}","{}"
"","FinalDetails","Save&Continue2","Save&Continue2","Button","Xpath","//span[@fieldref='Save & Continue']","{""xpath"":""//span[@fieldref='Save & Continue']""}","{}"
"","FinalDetails","title","title","Web Element","Xpath","//div[contains(text(),'Additional Insureds & Waivers of Subrogation')]","{""xpath"":""//div[contains(text(),'Additional Insureds & Waivers of Subrogation')]""}","{}"
"","FinalDetails","Wait","Wait","GENERIC","NA","NA","{""na"":""NA""}","{}"
"","ForAgentsOnly.com - Home","Browser","Browser","Browser","NA","NA","{""na"":""NA""}","{}"
"","ForAgentsOnly.com - Home","btn .cls-1 {","btn .cls-1 {","Button","id","searchRIGHT","{""smart eye relative xpath"":""//*[@id=\""searchRIGHT\""]"",""xpath by id"":""//*[@id=\""searchRIGHT\""]"",""id"":""searchRIGHT"",""xpath by tag"":""/html[1]/body[1]/div[1]/header[1]/div[1]/div[3]/section[1]/div[1]/form[1]/div[1]/button[1]"",""cssselector by id & class"":""#searchRIGHT""}","{""* isdisplayed"":""true"",""data-at"":""header-search__submit"",""* isselected"":""false"",""data-ga"":""button"",""* isenabled"":""true"",""id"":""searchRIGHT"",""tag"":""button"",""page url"":""https://75.qa.foragentsonly.com/home/?Welcome=641"",""type"":""submit"",""class"":""header-search__submit search-submit"",""data-label"":""header-search__submit""}"
"","ForAgentsOnly.com - Home","btn Select Product(s)","btn Select Product(s)","Button","Xpath","//input[@id='selectProductButton' and @class='blueBtn' and @value='Select Product(s)']","{""smart eye relative xpath"":""//input[@type='button']"",""smart eye relative xpath_1"":""//*[@id=\""selectProductButton\""]"",""xpath"":""//input[@id='selectProductButton' and @class='blueBtn' and @value='Select Product(s)']"",""xpath by id"":""//*[@id=\""selectProductButton\""]"",""id"":""selectProductButton"",""linktext"":""Select Product(s)"",""xpath by tag"":""/html[1]/body[1]/div[1]/main[1]/section[1]/aside[1]/div[1]/div[2]/form[1]/div[3]/input[1]"",""cssselector by id & class"":""#selectProductButton""}","{""* isdisplayed"":""true"",""* isselected"":""false"",""onclick"":""showFlyOut()"",""* isenabled"":""true"",""id"":""selectProductButton"",""tag"":""input"",""page url"":""https://75.qa.foragentsonly.com/home/?Welcome=641"",""type"":""button"",""class"":""blueBtn"",""value"":""Select Product(s)""}"
"","ForAgentsOnly.com - Home","btn Start","btn Start","Button","id","ctl00_MainContent_imgSubmitPS","{""smart eye relative xpath"":""//input[@type='submit' and @value='Start' ]"",""smart eye relative xpath_1"":""//*[@id=\""ctl00_MainContent_imgSubmitPS\""]"",""xpath by id"":""//*[@id=\""ctl00_MainContent_imgSubmitPS\""]"",""id"":""ctl00_MainContent_imgSubmitPS"",""xpath by tag"":""/html[1]/body[1]/div[1]/main[1]/section[1]/aside[1]/div[2]/form[1]/div[1]/input[1]"",""cssselector by id & class"":""#ctl00_MainContent_imgSubmitPS""}","{""* isdisplayed"":""true"",""* isselected"":""false"",""onclick"":""ps_submit('ctl00_MainContent_ddlPSAction','ctl00_MainContent_ps1_polNbrLnameSrch',event)"",""* isenabled"":""true"",""id"":""ctl00_MainContent_imgSubmitPS"",""tag"":""input"",""page url"":""https://75.qa.foragentsonly.com/home/?Welcome=611"",""type"":""submit"",""class"":""blueBtn"",""value"":""Start""}"
"","ForAgentsOnly.com - Home","btn Start Quote","btn Start Quote","Button","Xpath by Id","//*[@id=""sc1""]/form[@class=""quotePanel""]/div[@class=""selectProducts""]/div[@class=""pp-popup-box active""]/section[@class=""pp-footer""]/div[1]/input[@id=""quoteActionSelectButton""]","{""smart eye relative xpath"":""//input[@type='submit' and @value='Start Quote' ]"",""smart eye relative xpath_1"":""//*[@id=\""sc1\""]/form[@class=\""quotePanel\""]/div[@class=\""selectProducts\""]/div[@class=\""pp-popup-box active\""]/section[@class=\""pp-footer\""]/div[1]/input[@id=\""quoteActionSelectButton\""]"",""xpath by id"":""//*[@id=\""sc1\""]/form[@class=\""quotePanel\""]/div[@class=\""selectProducts\""]/div[@class=\""pp-popup-box active\""]/section[@class=\""pp-footer\""]/div[1]/input[@id=\""quoteActionSelectButton\""]"",""id"":""quoteActionSelectButton"",""xpath by tag"":""/html[1]/body[1]/div[1]/main[1]/section[1]/aside[1]/div[1]/div[2]/form[1]/div[3]/div[1]/section[1]/div[1]/input[1]"",""cssselector by id & class"":""#quoteActionSelectButton""}","{""* isdisplayed"":""true"",""* isselected"":""false"",""onclick"":""OpenNewQuote('N')"",""* isenabled"":""true"",""id"":""quoteActionSelectButton"",""tag"":""input"",""page url"":""https://75.qa.foragentsonly.com/home/?Welcome=641"",""type"":""submit"",""class"":""blueBtn"",""value"":""Start Quote""}"
"","ForAgentsOnly.com - Home","lnk Auto","lnk Auto","Link","Smart Eye Relative XPath","//a[normalize-space(.)='Auto']","{""smart eye relative xpath"":""//a[normalize-space(.)='Auto']"",""smart eye relative xpath_1"":""//*[@id=\""autoToys\""]/ul[@class=\""list pp-add-products\""]/li[1]/a[1]"",""xpath by id"":""//*[@id=\""autoToys\""]/ul[@class=\""list pp-add-products\""]/li[1]/a[1]"",""xpath by tag"":""/html[1]/body[1]/div[1]/main[1]/section[1]/aside[1]/div[1]/div[2]/form[1]/div[3]/div[1]/div[1]/section[1]/div[1]/ul[1]/li[1]/a[1]"",""cssselector by id & class"":""#autoToys ul li:nth-child(1) a""}","{""* isdisplayed"":""true"",""* isselected"":""false"",""* isenabled"":""true"",""href"":""https://75.qa.foragentsonly.com/home/?Welcome=641#"",""linktext"":""Auto"",""tag"":""a"",""page url"":""https://75.qa.foragentsonly.com/home/?Welcome=641"",""data-pp-id"":""AU""}"
"","ForAgentsOnly.com - Home","lnk Boat/PWC","lnk Boat/PWC","Link","Smart Eye Relative XPath","//a[normalize-space(.)='Boat/PWC']","{""smart eye relative xpath"":""//a[normalize-space(.)='Boat/PWC']"",""smart eye relative xpath_1"":""//*[@id=\""autoToys\""]/ul[@class=\""list pp-add-products\""]/li[3]/a[1]"",""xpath by id"":""//*[@id=\""autoToys\""]/ul[@class=\""list pp-add-products\""]/li[3]/a[1]"",""xpath by tag"":""/html[1]/body[1]/div[1]/main[1]/section[1]/aside[1]/div[1]/div[2]/form[1]/div[3]/div[1]/div[1]/section[1]/div[1]/ul[1]/li[3]/a[1]"",""cssselector by id & class"":""#autoToys ul li:nth-child(3) a""}","{""* isdisplayed"":""true"",""* isselected"":""false"",""* isenabled"":""true"",""href"":""https://75.qa.foragentsonly.com/home/?Welcome=641#"",""linktext"":""Boat/PWC"",""tag"":""a"",""page url"":""https://75.qa.foragentsonly.com/home/?Welcome=641"",""data-pp-id"":""BT""}"
"","ForAgentsOnly.com - Home","lnk Businessowner/ Contractor GL","lnk Businessowner/ Contractor GL","Link","Smart Eye Relative XPath","//a[normalize-space(.)='Businessowner/ Contractor GL']","{""smart eye relative xpath"":""//a[normalize-space(.)='Businessowner/ Contractor GL']"",""smart eye relative xpath_1"":""//*[@id=\""business\""]/ul[@class=\""list pp-add-products\""]/li[2]/a[1]"",""xpath by id"":""//*[@id=\""business\""]/ul[@class=\""list pp-add-products\""]/li[2]/a[1]"",""xpath by tag"":""/html[1]/body[1]/div[1]/main[1]/section[1]/aside[1]/div[1]/div[2]/form[1]/div[3]/div[1]/div[1]/section[1]/div[3]/div[2]/ul[1]/li[2]/a[1]"",""cssselector by id & class"":""#business ul li:nth-child(2) a""}","{""* isdisplayed"":""true"",""* isselected"":""false"",""* isenabled"":""true"",""href"":""https://75.qa.foragentsonly.com/home/?Welcome=641#"",""linktext"":""Businessowner/ Contractor GL"",""tag"":""a"",""page url"":""https://75.qa.foragentsonly.com/home/?Welcome=641"",""data-pp-id"":""BP""}"
"","ForAgentsOnly.com - Home","lnk Commercial","lnk Commercial","Link","Smart Eye Relative XPath","//a[normalize-space(.)='Commercial']","{""smart eye relative xpath"":""//a[normalize-space(.)='Commercial']"",""smart eye relative xpath_1"":""/html[1]/body[1]/div[@class=\""fao-site\""]/main[@class=\""homeWrapper\""]/section[@class=\""h-core h-core--classic\""]/aside[@class=\""h-core__col h-core__col--small\""]/article[@class=\""base-content portfolio-learning-center-tile\""]/a[@class=\""portfolio-learning-center-tile__link portfolio-learning-center-tile__link--alt\""]"",""xpath by id"":""/html[1]/body[1]/div[@class=\""fao-site\""]/main[@class=\""homeWrapper\""]/section[@class=\""h-core h-core--classic\""]/aside[@class=\""h-core__col h-core__col--small\""]/article[@class=\""base-content portfolio-learning-center-tile\""]/a[@class=\""portfolio-learning-center-tile__link portfolio-learning-center-tile__link--alt\""]"",""xpath by tag"":""/html[1]/body[1]/div[1]/main[1]/section[1]/aside[1]/article[2]/a[2]"",""cssselector by id & class"":""body div:nth-child(2) main section:nth-child(2) aside:nth-child(1) article:nth-child(3) a:nth-child(3)""}","{""* isdisplayed"":""true"",""* isselected"":""false"",""data-ga"":""link"",""* isenabled"":""true"",""href"":""https://75.qa.foragentsonly.com/portfolioCL"",""linktext"":""Commercial"",""tag"":""a"",""page url"":""https://75.qa.foragentsonly.com/home/?Welcome=641"",""class"":""portfolio-learning-center-tile__link portfolio-learning-center-tile__link--alt"",""data-label"":""Learn more about Portfolio - Commercial""}"
"","ForAgentsOnly.com - Home","lnk Commercial Auto","lnk Commercial Auto","Link","Xpath","//*[@id=""business""]/ul[@class=""list pp-add-products""]/li[1]/a//span","{""smart eye relative xpath"":""//a[normalize-space(.)='Commercial Auto']"",""smart eye relative xpath_1"":""//*[@id=\""business\""]/ul[@class=\""list pp-add-products\""]/li[1]/a[1]"",""xpath"":""//*[@id=\""business\""]/ul[@class=\""list pp-add-products\""]/li[1]/a//span"",""xpath by id"":""//*[@id=\""business\""]/ul[@class=\""list pp-add-products\""]/li[1]/a[1]"",""xpath by tag"":""/html[1]/body[1]/div[1]/main[1]/section[1]/aside[1]/div[1]/div[2]/form[1]/div[3]/div[1]/div[1]/section[1]/div[3]/div[2]/ul[1]/li[1]/a[1]"",""cssselector by id & class"":""#business ul li:nth-child(1) a""}","{""* isdisplayed"":""true"",""* isselected"":""false"",""* isenabled"":""true"",""href"":""https://75.qa.foragentsonly.com/home/?Welcome=641#"",""linktext"":""Commercial Auto"",""tag"":""a"",""page url"":""https://75.qa.foragentsonly.com/home/?Welcome=641"",""data-pp-id"":""CV""}"
"","ForAgentsOnly.com - Home","lnk Condo (HO6)","lnk Condo (HO6)","Link","Smart Eye Relative XPath","//a[normalize-space(.)='Condo (HO6)']","{""smart eye relative xpath"":""//a[normalize-space(.)='Condo (HO6)']"",""smart eye relative xpath_1"":""//*[@id=\""property\""]/ul[@class=\""list pp-add-products\""]/li[2]/a[1]"",""xpath by id"":""//*[@id=\""property\""]/ul[@class=\""list pp-add-products\""]/li[2]/a[1]"",""xpath by tag"":""/html[1]/body[1]/div[1]/main[1]/section[1]/aside[1]/div[1]/div[2]/form[1]/div[3]/div[1]/div[1]/section[1]/div[2]/ul[1]/li[2]/a[1]"",""cssselector by id & class"":""#property ul li:nth-child(2) a""}","{""* isdisplayed"":""true"",""* isselected"":""false"",""* isenabled"":""true"",""href"":""https://75.qa.foragentsonly.com/home/?Welcome=641#"",""linktext"":""Condo (HO6)"",""tag"":""a"",""page url"":""https://75.qa.foragentsonly.com/home/?Welcome=641"",""data-pp-id"":""CO""}"
"","ForAgentsOnly.com - Home","lnk COVID-19 Important Updates","lnk COVID-19 Important Updates","Link","Smart Eye Relative XPath","//a[normalize-space(.)='COVID-19 Important Updates Learn more about our response.']","{""smart eye relative xpath"":""//a[normalize-space(.)='COVID-19 Important Updates Learn more about our response.']"",""smart eye relative xpath_1"":""/html[1]/body[1]/div[@class=\""fao-site\""]/main[@class=\""homeWrapper\""]/section[@class=\""h-core h-core--classic\""]/aside[@class=\""h-core__col h-core__col--small\""]/article[@class=\""base-content covid-banner covid-banner--sidebar\""]/a[@class=\""covid-banner__link\""]"",""xpath by id"":""/html[1]/body[1]/div[@class=\""fao-site\""]/main[@class=\""homeWrapper\""]/section[@class=\""h-core h-core--classic\""]/aside[@class=\""h-core__col h-core__col--small\""]/article[@class=\""base-content covid-banner covid-banner--sidebar\""]/a[@class=\""covid-banner__link\""]"",""xpath by tag"":""/html[1]/body[1]/div[1]/main[1]/section[1]/aside[1]/article[1]/a[1]"",""cssselector by id & class"":""body div:nth-child(2) main section:nth-child(2) aside:nth-child(1) article:nth-child(1) a""}","{""* isdisplayed"":""true"",""* isselected"":""false"",""data-ga"":""link"",""* isenabled"":""true"",""href"":""https://75.qa.foragentsonly.com/privatecontent/lp/covid19/"",""linktext"":""COVID-19 Important Updates\t\t\t\tLearn more about our response."",""tag"":""a"",""page url"":""https://75.qa.foragentsonly.com/home/?Welcome=641"",""class"":""covid-banner__link"",""data-label"":""Covid Homepage Sidebar Banner: Covid-19 Landing Page Link""}"
"","ForAgentsOnly.com - Home","lnk Dwelling Fire (DP3)","lnk Dwelling Fire (DP3)","Link","Smart Eye Relative XPath","//a[normalize-space(.)='Dwelling Fire (DP3)']","{""smart eye relative xpath"":""//a[normalize-space(.)='Dwelling Fire (DP3)']"",""smart eye relative xpath_1"":""//*[@id=\""property\""]/ul[@class=\""list pp-add-products\""]/li[5]/a[1]"",""xpath by id"":""//*[@id=\""property\""]/ul[@class=\""list pp-add-products\""]/li[5]/a[1]"",""xpath by tag"":""/html[1]/body[1]/div[1]/main[1]/section[1]/aside[1]/div[1]/div[2]/form[1]/div[3]/div[1]/div[1]/section[1]/div[2]/ul[1]/li[5]/a[1]"",""cssselector by id & class"":""#property ul li:nth-child(5) a""}","{""* isdisplayed"":""true"",""* isselected"":""false"",""* isenabled"":""true"",""href"":""https://75.qa.foragentsonly.com/home/?Welcome=641#"",""linktext"":""Dwelling Fire (DP3)"",""tag"":""a"",""page url"":""https://75.qa.foragentsonly.com/home/?Welcome=641"",""data-pp-id"":""DP""}"
"","ForAgentsOnly.com - Home","lnk e-Sign follow up required: 2989","lnk e-Sign follow up required: 2989","Link","Smart Eye Relative XPath","//a[normalize-space(.)='e-Sign follow up required: 2989']","{""smart eye relative xpath"":""//a[normalize-space(.)='e-Sign follow up required: 2989']"",""smart eye relative xpath_1"":""//*[@id=\""smartViewAlertsTable\""]/div[@class=\""zone  zone02\""]/div[@class=\""smartViewRow\""]/div[@class=\""smartViewObject equalize\""]/div[@class=\""smartViewLinkNoIcon\""]/a[1]"",""xpath by id"":""//*[@id=\""smartViewAlertsTable\""]/div[@class=\""zone  zone02\""]/div[@class=\""smartViewRow\""]/div[@class=\""smartViewObject equalize\""]/div[@class=\""smartViewLinkNoIcon\""]/a[1]"",""xpath by tag"":""/html[1]/body[1]/div[1]/main[1]/section[1]/article[1]/div[2]/div[1]/div[1]/div[1]/div[1]/div[1]/a[1]"",""cssselector by id & class"":""#smartViewAlertsTable div:nth-child(1) div:nth-child(2) div:nth-child(1) div a""}","{""* isdisplayed"":""true"",""* isselected"":""false"",""data-ga"":""link"",""* isenabled"":""true"",""href"":""https://75.qa.foragentsonly.com/managepolicies/reports/policiesneedservice/esignreport/EligibleToEsign/?Source=MsgCenter"",""linktext"":""e-Sign follow up required: 2989"",""tag"":""a"",""page url"":""https://75.qa.foragentsonly.com/home/?Welcome=641"",""data-label"":""Smart View Alerts: e-Sign follow up required: 2989""}"
"","ForAgentsOnly.com - Home","lnk EPLI, NPDO, Cyber and More","lnk EPLI, NPDO, Cyber and More","Link","Smart Eye Relative XPath","//a[normalize-space(.)='EPLI, NPDO, Cyber and More']","{""smart eye relative xpath"":""//a[normalize-space(.)='EPLI, NPDO, Cyber and More']"",""smart eye relative xpath_1"":""//*[@id=\""business\""]/ul[@class=\""list pp-add-products\""]/li[3]/a[1]"",""xpath by id"":""//*[@id=\""business\""]/ul[@class=\""list pp-add-products\""]/li[3]/a[1]"",""xpath by tag"":""/html[1]/body[1]/div[1]/main[1]/section[1]/aside[1]/div[1]/div[2]/form[1]/div[3]/div[1]/div[1]/section[1]/div[3]/div[2]/ul[1]/li[3]/a[1]"",""cssselector by id & class"":""#business ul li:nth-child(3) a""}","{""* isdisplayed"":""true"",""* isselected"":""false"",""* isenabled"":""true"",""href"":""https://75.qa.foragentsonly.com/home/?Welcome=641#"",""linktext"":""EPLI, NPDO, Cyber and More"",""tag"":""a"",""page url"":""https://75.qa.foragentsonly.com/home/?Welcome=641"",""data-pp-id"":""PG""}"
"","ForAgentsOnly.com - Home","lnk Flood","lnk Flood","Link","Smart Eye Relative XPath","//a[normalize-space(.)='Flood']","{""smart eye relative xpath"":""//a[normalize-space(.)='Flood']"",""smart eye relative xpath_1"":""//*[@id=\""additionalProtection\""]/ul[@class=\""list pp-add-products\""]/li[2]/a[1]"",""xpath by id"":""//*[@id=\""additionalProtection\""]/ul[@class=\""list pp-add-products\""]/li[2]/a[1]"",""xpath by tag"":""/html[1]/body[1]/div[1]/main[1]/section[1]/aside[1]/div[1]/div[2]/form[1]/div[3]/div[1]/div[1]/section[1]/div[3]/div[1]/ul[1]/li[2]/a[1]"",""cssselector by id & class"":""#additionalProtection ul li:nth-child(2) a""}","{""* isdisplayed"":""true"",""* isselected"":""false"",""* isenabled"":""true"",""href"":""https://75.qa.foragentsonly.com/home/?Welcome=641#"",""linktext"":""Flood"",""tag"":""a"",""page url"":""https://75.qa.foragentsonly.com/home/?Welcome=641"",""data-pp-id"":""FL""}"
"","ForAgentsOnly.com - Home","lnk ForAgentsOnly Home","lnk ForAgentsOnly Home","Link","Smart Eye Relative XPath","//a[normalize-space(.)='ForAgentsOnly Home']","{""smart eye relative xpath"":""//a[normalize-space(.)='ForAgentsOnly Home']"",""smart eye relative xpath_1"":""/html[1]/body[1]/div[@class=\""fao-site\""]/header[@class=\""header\""]/section[@class=\""header-logo\""]/a[1]"",""xpath by id"":""/html[1]/body[1]/div[@class=\""fao-site\""]/header[@class=\""header\""]/section[@class=\""header-logo\""]/a[1]"",""xpath by tag"":""/html[1]/body[1]/div[1]/header[1]/section[1]/a[1]"",""cssselector by id & class"":""body div:nth-child(2) header:nth-child(2) section:nth-child(1) a""}","{""* isdisplayed"":""true"",""data-at"":""header-logo"",""* isselected"":""false"",""data-ga"":""imageLink"",""* isenabled"":""true"",""href"":""https://75.qa.foragentsonly.com/home/"",""linktext"":""ForAgentsOnly Home"",""tag"":""a"",""page url"":""https://75.qa.foragentsonly.com/home/?Welcome=641"",""data-label"":""header-logo""}"
"","ForAgentsOnly.com - Home","lnk Home (HO3)","lnk Home (HO3)","Link","Smart Eye Relative XPath","//a[normalize-space(.)='Home (HO3)']","{""smart eye relative xpath"":""//a[normalize-space(.)='Home (HO3)']"",""smart eye relative xpath_1"":""//*[@id=\""property\""]/ul[@class=\""list pp-add-products\""]/li[1]/a[1]"",""xpath by id"":""//*[@id=\""property\""]/ul[@class=\""list pp-add-products\""]/li[1]/a[1]"",""xpath by tag"":""/html[1]/body[1]/div[1]/main[1]/section[1]/aside[1]/div[1]/div[2]/form[1]/div[3]/div[1]/div[1]/section[1]/div[2]/ul[1]/li[1]/a[1]"",""cssselector by id & class"":""#property ul li:nth-child(1) a""}","{""* isdisplayed"":""true"",""* isselected"":""false"",""* isenabled"":""true"",""href"":""https://75.qa.foragentsonly.com/home/?Welcome=641#"",""linktext"":""Home (HO3)"",""tag"":""a"",""page url"":""https://75.qa.foragentsonly.com/home/?Welcome=641"",""data-pp-id"":""HO""}"
"","ForAgentsOnly.com - Home","lnk Home (HO5)","lnk Home (HO5)","Link","Smart Eye Relative XPath","//a[normalize-space(.)='Home (HO5)']","{""smart eye relative xpath"":""//a[normalize-space(.)='Home (HO5)']"",""smart eye relative xpath_1"":""//*[@id=\""property\""]/ul[@class=\""list pp-add-products\""]/li[6]/a[1]"",""xpath by id"":""//*[@id=\""property\""]/ul[@class=\""list pp-add-products\""]/li[6]/a[1]"",""xpath by tag"":""/html[1]/body[1]/div[1]/main[1]/section[1]/aside[1]/div[1]/div[2]/form[1]/div[3]/div[1]/div[1]/section[1]/div[2]/ul[1]/li[6]/a[1]"",""cssselector by id & class"":""#property ul li:nth-child(6) a""}","{""* isdisplayed"":""true"",""* isselected"":""false"",""* isenabled"":""true"",""href"":""https://75.qa.foragentsonly.com/home/?Welcome=641#"",""linktext"":""Home (HO5)"",""tag"":""a"",""page url"":""https://75.qa.foragentsonly.com/home/?Welcome=641"",""data-pp-id"":""H5""}"
"","ForAgentsOnly.com - Home","lnk link","lnk link","Link","Smart Eye Relative XPath","//*[@id=""sc1""]/form[@class=""quotePanel""]/div[@class=""selectProducts""]/div[@class=""pp-popup-box active""]/a[@class=""close""]","{""smart eye relative xpath"":""//*[@id=\""sc1\""]/form[@class=\""quotePanel\""]/div[@class=\""selectProducts\""]/div[@class=\""pp-popup-box active\""]/a[@class=\""close\""]"",""xpath by id"":""//*[@id=\""sc1\""]/form[@class=\""quotePanel\""]/div[@class=\""selectProducts\""]/div[@class=\""pp-popup-box active\""]/a[@class=\""close\""]"",""xpath by tag"":""/html[1]/body[1]/div[1]/main[1]/section[1]/aside[1]/div[1]/div[2]/form[1]/div[3]/div[1]/a[1]"",""cssselector by id & class"":""#sc1 form div:nth-child(3) div:nth-child(2) a:nth-child(3)""}","{""* isdisplayed"":""true"",""* isselected"":""false"",""* isenabled"":""true"",""href"":""https://75.qa.foragentsonly.com/home/?Welcome=641#"",""linktext"":"""",""tag"":""a"",""page url"":""https://75.qa.foragentsonly.com/home/?Welcome=641"",""class"":""close""}"
"","ForAgentsOnly.com - Home","lnk link_1","lnk link","Link","Smart Eye Relative XPath","/html[1]/body[1]/div[@class=""fao-site""]/main[@class=""homeWrapper""]/section[@class=""h-core h-core--classic""]/aside[@class=""h-core__col h-core__col--small""]/a[1]","{""smart eye relative xpath"":""/html[1]/body[1]/div[@class=\""fao-site\""]/main[@class=\""homeWrapper\""]/section[@class=\""h-core h-core--classic\""]/aside[@class=\""h-core__col h-core__col--small\""]/a[1]"",""xpath by id"":""/html[1]/body[1]/div[@class=\""fao-site\""]/main[@class=\""homeWrapper\""]/section[@class=\""h-core h-core--classic\""]/aside[@class=\""h-core__col h-core__col--small\""]/a[1]"",""xpath by tag"":""/html[1]/body[1]/div[1]/main[1]/section[1]/aside[1]/a[1]"",""cssselector by id & class"":""body div:nth-child(2) main section:nth-child(2) aside:nth-child(1) a:nth-child(4)""}","{""* isdisplayed"":""true"",""* isselected"":""false"",""data-ga"":""clickNoRedirect"",""* isenabled"":""true"",""href"":""https://www.foragentsonly.com/news/story/?id=37135"",""linktext"":"""",""tag"":""a"",""page url"":""https://75.qa.foragentsonly.com/home/?Welcome=641"",""data-label"":""productGuides-ghost"",""target"":""_blank""}"
"","ForAgentsOnly.com - Home","lnk link_2","lnk link","Link","Smart Eye Relative XPath","//*[@id=""divHomeTipContent""]/a[@class=""tips_a""]","{""smart eye relative xpath"":""//*[@id=\""divHomeTipContent\""]/a[@class=\""tips_a\""]"",""xpath by id"":""//*[@id=\""divHomeTipContent\""]/a[@class=\""tips_a\""]"",""xpath by tag"":""/html[1]/body[1]/div[1]/main[1]/section[1]/article[1]/div[1]/a[1]"",""cssselector by id & class"":""#divHomeTipContent a""}","{""* isdisplayed"":""true"",""* isselected"":""false"",""data-ga"":""link"",""* isenabled"":""true"",""href"":""https://www.foragentsonly.com/"",""linktext"":"""",""tag"":""a"",""page url"":""https://75.qa.foragentsonly.com/home/?Welcome=641"",""class"":""tips_a"",""data-label"":""Home Tip""}"
"","ForAgentsOnly.com - Home","lnk link_3","lnk link","Link","Smart Eye Relative XPath","//*[@id=""mainPlatinumHub""]/a[1]","{""smart eye relative xpath"":""//*[@id=\""mainPlatinumHub\""]/a[1]"",""xpath by id"":""//*[@id=\""mainPlatinumHub\""]/a[1]"",""xpath by tag"":""/html[1]/body[1]/div[1]/main[1]/section[1]/aside[2]/div[1]/a[1]"",""cssselector by id & class"":""#mainPlatinumHub a""}","{""* isdisplayed"":""true"",""* isselected"":""false"",""* isenabled"":""true"",""href"":""https://75.qa.foragentsonly.com/privatecontent/platinum/platinumSilverCelebration"",""linktext"":"""",""tag"":""a"",""page url"":""https://75.qa.foragentsonly.com/home/?Welcome=641""}"
"","ForAgentsOnly.com - Home","lnk Manufactured Home","lnk Manufactured Home","Link","Smart Eye Relative XPath","//a[normalize-space(.)='Manufactured Home']","{""smart eye relative xpath"":""//a[normalize-space(.)='Manufactured Home']"",""smart eye relative xpath_1"":""//*[@id=\""property\""]/ul[@class=\""list pp-add-products\""]/li[4]/a[1]"",""xpath by id"":""//*[@id=\""property\""]/ul[@class=\""list pp-add-products\""]/li[4]/a[1]"",""xpath by tag"":""/html[1]/body[1]/div[1]/main[1]/section[1]/aside[1]/div[1]/div[2]/form[1]/div[3]/div[1]/div[1]/section[1]/div[2]/ul[1]/li[4]/a[1]"",""cssselector by id & class"":""#property ul li:nth-child(4) a""}","{""* isdisplayed"":""true"",""* isselected"":""false"",""* isenabled"":""true"",""href"":""https://75.qa.foragentsonly.com/home/?Welcome=641#"",""linktext"":""Manufactured Home"",""tag"":""a"",""page url"":""https://75.qa.foragentsonly.com/home/?Welcome=641"",""data-pp-id"":""MH""}"
"","ForAgentsOnly.com - Home","lnk Motor Home","lnk Motor Home","Link","Smart Eye Relative XPath","//a[normalize-space(.)='Motor Home']","{""smart eye relative xpath"":""//a[normalize-space(.)='Motor Home']"",""smart eye relative xpath_1"":""//*[@id=\""autoToys\""]/ul[@class=\""list pp-add-products\""]/li[4]/a[1]"",""xpath by id"":""//*[@id=\""autoToys\""]/ul[@class=\""list pp-add-products\""]/li[4]/a[1]"",""xpath by tag"":""/html[1]/body[1]/div[1]/main[1]/section[1]/aside[1]/div[1]/div[2]/form[1]/div[3]/div[1]/div[1]/section[1]/div[1]/ul[1]/li[4]/a[1]"",""cssselector by id & class"":""#autoToys ul li:nth-child(4) a""}","{""* isdisplayed"":""true"",""* isselected"":""false"",""* isenabled"":""true"",""href"":""https://75.qa.foragentsonly.com/home/?Welcome=641#"",""linktext"":""Motor Home"",""tag"":""a"",""page url"":""https://75.qa.foragentsonly.com/home/?Welcome=641"",""data-pp-id"":""MT""}"
"","ForAgentsOnly.com - Home","lnk Motorcycle/ATV","lnk Motorcycle/ATV","Link","Smart Eye Relative XPath","//a[normalize-space(.)='Motorcycle/ATV']","{""smart eye relative xpath"":""//a[normalize-space(.)='Motorcycle/ATV']"",""smart eye relative xpath_1"":""//*[@id=\""autoToys\""]/ul[@class=\""list pp-add-products\""]/li[2]/a[1]"",""xpath by id"":""//*[@id=\""autoToys\""]/ul[@class=\""list pp-add-products\""]/li[2]/a[1]"",""xpath by tag"":""/html[1]/body[1]/div[1]/main[1]/section[1]/aside[1]/div[1]/div[2]/form[1]/div[3]/div[1]/div[1]/section[1]/div[1]/ul[1]/li[2]/a[1]"",""cssselector by id & class"":""#autoToys ul li:nth-child(2) a""}","{""* isdisplayed"":""true"",""* isselected"":""false"",""* isenabled"":""true"",""href"":""https://75.qa.foragentsonly.com/home/?Welcome=641#"",""linktext"":""Motorcycle/ATV"",""tag"":""a"",""page url"":""https://75.qa.foragentsonly.com/home/?Welcome=641"",""data-pp-id"":""MC""}"
"","ForAgentsOnly.com - Home","lnk Personal Lines","lnk Personal Lines","Link","Smart Eye Relative XPath","//a[normalize-space(.)='Personal Lines']","{""smart eye relative xpath"":""//a[normalize-space(.)='Personal Lines']"",""smart eye relative xpath_1"":""/html[1]/body[1]/div[@class=\""fao-site\""]/main[@class=\""homeWrapper\""]/section[@class=\""h-core h-core--classic\""]/aside[@class=\""h-core__col h-core__col--small\""]/article[@class=\""base-content portfolio-learning-center-tile\""]/a[@class=\""portfolio-learning-center-tile__link\""]"",""xpath by id"":""/html[1]/body[1]/div[@class=\""fao-site\""]/main[@class=\""homeWrapper\""]/section[@class=\""h-core h-core--classic\""]/aside[@class=\""h-core__col h-core__col--small\""]/article[@class=\""base-content portfolio-learning-center-tile\""]/a[@class=\""portfolio-learning-center-tile__link\""]"",""xpath by tag"":""/html[1]/body[1]/div[1]/main[1]/section[1]/aside[1]/article[2]/a[1]"",""cssselector by id & class"":""body div:nth-child(2) main section:nth-child(2) aside:nth-child(1) article:nth-child(3) a:nth-child(2)""}","{""* isdisplayed"":""true"",""* isselected"":""false"",""data-ga"":""link"",""* isenabled"":""true"",""href"":""https://75.qa.foragentsonly.com/portfolio"",""linktext"":""Personal Lines"",""tag"":""a"",""page url"":""https://75.qa.foragentsonly.com/home/?Welcome=641"",""class"":""portfolio-learning-center-tile__link"",""data-label"":""Learn more about Portfolio - Personal Lines""}"
"","ForAgentsOnly.com - Home","lnk Policies cancelled: 51","lnk Policies cancelled: 51","Link","Smart Eye Relative XPath","//a[normalize-space(.)='Policies cancelled: 51']","{""smart eye relative xpath"":""//a[normalize-space(.)='Policies cancelled: 51']"",""smart eye relative xpath_1"":""//*[@id=\""smartViewAlertsTable\""]/div[@class=\""zone  zone02\""]/div[@class=\""smartViewRow\""]/div[@class=\""smartViewObject equalize\""]/div[@class=\""smartViewLinkNoIcon\""]/a[1]"",""xpath by id"":""//*[@id=\""smartViewAlertsTable\""]/div[@class=\""zone  zone02\""]/div[@class=\""smartViewRow\""]/div[@class=\""smartViewObject equalize\""]/div[@class=\""smartViewLinkNoIcon\""]/a[1]"",""xpath by tag"":""/html[1]/body[1]/div[1]/main[1]/section[1]/article[1]/div[2]/div[1]/div[1]/div[5]/div[1]/div[1]/a[1]"",""cssselector by id & class"":""#smartViewAlertsTable div:nth-child(1) div:nth-child(6) div:nth-child(1) div a""}","{""* isdisplayed"":""true"",""* isselected"":""false"",""data-ga"":""link"",""* isenabled"":""true"",""href"":""https://75.qa.foragentsonly.com/managepolicies/policyactivity/?source=pc"",""linktext"":""Policies cancelled: 51"",""tag"":""a"",""page url"":""https://75.qa.foragentsonly.com/home/?Welcome=641"",""data-label"":""Smart View Alerts: Policies cancelled: 51""}"
"","ForAgentsOnly.com - Home","lnk Policies lapsed: 2","lnk Policies lapsed: 2","Link","Smart Eye Relative XPath","//a[normalize-space(.)='Policies lapsed: 2']","{""smart eye relative xpath"":""//a[normalize-space(.)='Policies lapsed: 2']"",""smart eye relative xpath_1"":""//*[@id=\""smartViewAlertsTable\""]/div[@class=\""zone  zone02\""]/div[@class=\""smartViewRow\""]/div[@class=\""smartViewObject equalize\""]/div[@class=\""smartViewLinkNoIcon\""]/a[1]"",""xpath by id"":""//*[@id=\""smartViewAlertsTable\""]/div[@class=\""zone  zone02\""]/div[@class=\""smartViewRow\""]/div[@class=\""smartViewObject equalize\""]/div[@class=\""smartViewLinkNoIcon\""]/a[1]"",""xpath by tag"":""/html[1]/body[1]/div[1]/main[1]/section[1]/article[1]/div[2]/div[1]/div[1]/div[6]/div[1]/div[1]/a[1]"",""cssselector by id & class"":""#smartViewAlertsTable div:nth-child(1) div:nth-child(7) div:nth-child(1) div a""}","{""* isdisplayed"":""true"",""* isselected"":""false"",""data-ga"":""link"",""* isenabled"":""true"",""href"":""https://75.qa.foragentsonly.com/managepolicies/policyactivity/?source=pl"",""linktext"":""Policies lapsed: 2"",""tag"":""a"",""page url"":""https://75.qa.foragentsonly.com/home/?Welcome=641"",""data-label"":""Smart View Alerts: Policies lapsed: 2""}"
"","ForAgentsOnly.com - Home","lnk Policies pending cancel: 7","lnk Policies pending cancel: 7","Link","Smart Eye Relative XPath","//a[normalize-space(.)='Policies pending cancel: 7']","{""smart eye relative xpath"":""//a[normalize-space(.)='Policies pending cancel: 7']"",""smart eye relative xpath_1"":""//*[@id=\""smartViewAlertsTable\""]/div[@class=\""zone  zone02\""]/div[@class=\""smartViewRow\""]/div[@class=\""smartViewObject equalize\""]/div[@class=\""smartViewLinkNoIcon\""]/a[1]"",""xpath by id"":""//*[@id=\""smartViewAlertsTable\""]/div[@class=\""zone  zone02\""]/div[@class=\""smartViewRow\""]/div[@class=\""smartViewObject equalize\""]/div[@class=\""smartViewLinkNoIcon\""]/a[1]"",""xpath by tag"":""/html[1]/body[1]/div[1]/main[1]/section[1]/article[1]/div[2]/div[1]/div[1]/div[4]/div[1]/div[1]/a[1]"",""cssselector by id & class"":""#smartViewAlertsTable div:nth-child(1) div:nth-child(5) div:nth-child(1) div a""}","{""* isdisplayed"":""true"",""* isselected"":""false"",""data-ga"":""link"",""* isenabled"":""true"",""href"":""https://75.qa.foragentsonly.com/Managepolicies/reports/policiesneedservice/policiespendingcancellation/?source=MsgCenter"",""linktext"":""Policies pending cancel: 7"",""tag"":""a"",""page url"":""https://75.qa.foragentsonly.com/home/?Welcome=641"",""data-label"":""Smart View Alerts: Policies pending cancel: 7""}"
"","ForAgentsOnly.com - Home","lnk Policies require follow up: 797","lnk Policies require follow up: 797","Link","Smart Eye Relative XPath","//a[normalize-space(.)='Policies require follow up: 797']","{""smart eye relative xpath"":""//a[normalize-space(.)='Policies require follow up: 797']"",""smart eye relative xpath_1"":""//*[@id=\""smartViewAlertsTable\""]/div[@class=\""zone  zone02\""]/div[@class=\""smartViewRow\""]/div[@class=\""smartViewObject equalize\""]/div[@class=\""smartViewLinkNoIcon\""]/a[1]"",""xpath by id"":""//*[@id=\""smartViewAlertsTable\""]/div[@class=\""zone  zone02\""]/div[@class=\""smartViewRow\""]/div[@class=\""smartViewObject equalize\""]/div[@class=\""smartViewLinkNoIcon\""]/a[1]"",""xpath by tag"":""/html[1]/body[1]/div[1]/main[1]/section[1]/article[1]/div[2]/div[1]/div[1]/div[2]/div[1]/div[1]/a[1]"",""cssselector by id & class"":""#smartViewAlertsTable div:nth-child(1) div:nth-child(3) div:nth-child(1) div a""}","{""* isdisplayed"":""true"",""* isselected"":""false"",""data-ga"":""link"",""* isenabled"":""true"",""href"":""https://75.qa.foragentsonly.com/managepolicies/reports/policiesneedservice/customerfollowup/?Source=MsgCenter"",""linktext"":""Policies require follow up: 797"",""tag"":""a"",""page url"":""https://75.qa.foragentsonly.com/home/?Welcome=641"",""data-label"":""Smart View Alerts: Policies require follow up: 797""}"
"","ForAgentsOnly.com - Home","lnk Program Overview","lnk Program Overview","Link","Smart Eye Relative XPath","//a[normalize-space(.)='Program Overview']","{""smart eye relative xpath"":""//a[normalize-space(.)='Program Overview']"",""smart eye relative xpath_1"":""//*[@id=\""quickLinks\""]/div[@class=\""ql-nav-block\""]/a[@class=\""paper-dog-ear\""]"",""xpath by id"":""//*[@id=\""quickLinks\""]/div[@class=\""ql-nav-block\""]/a[@class=\""paper-dog-ear\""]"",""xpath by tag"":""/html[1]/body[1]/div[1]/main[1]/section[1]/aside[2]/div[2]/div[1]/div[1]/div[1]/a[1]"",""cssselector by id & class"":""#quickLinks div:nth-child(1) a""}","{""* isdisplayed"":""true"",""* isselected"":""false"",""data-ga"":""anchorButton"",""* isenabled"":""true"",""href"":""https://75.qa.foragentsonly.com/platinum/program/overview/"",""linktext"":""Program Overview"",""tag"":""a"",""page url"":""https://75.qa.foragentsonly.com/home/?Welcome=641"",""class"":""paper-dog-ear"",""data-label"":""Platinum Links - Overview""}"
"","ForAgentsOnly.com - Home","lnk Renters (HO4)","lnk Renters (HO4)","Link","Smart Eye Relative XPath","//a[normalize-space(.)='Renters (HO4)']","{""smart eye relative xpath"":""//a[normalize-space(.)='Renters (HO4)']"",""smart eye relative xpath_1"":""//*[@id=\""property\""]/ul[@class=\""list pp-add-products\""]/li[3]/a[1]"",""xpath by id"":""//*[@id=\""property\""]/ul[@class=\""list pp-add-products\""]/li[3]/a[1]"",""xpath by tag"":""/html[1]/body[1]/div[1]/main[1]/section[1]/aside[1]/div[1]/div[2]/form[1]/div[3]/div[1]/div[1]/section[1]/div[2]/ul[1]/li[3]/a[1]"",""cssselector by id & class"":""#property ul li:nth-child(3) a""}","{""* isdisplayed"":""true"",""* isselected"":""false"",""* isenabled"":""true"",""href"":""https://75.qa.foragentsonly.com/home/?Welcome=641#"",""linktext"":""Renters (HO4)"",""tag"":""a"",""page url"":""https://75.qa.foragentsonly.com/home/?Welcome=641"",""data-pp-id"":""RT""}"
"","ForAgentsOnly.com - Home","lnk SD, NC, DC, OK, ID, OR, NH, and AK","lnk SD, NC, DC, OK, ID, OR, NH, and AK","Link","Smart Eye Relative XPath","//a[normalize-space(.)='SD, NC, DC, OK, ID, OR, NH, and AK agents A new quoting system is coming thatÃ¢â‚¬â„¢s easy as toast. You can quote us on that. FAO Portfolio Quoting is coming to SD, NC, DC, OK, ID, OR, NH, and AK agents Pop over to the Learning Center.']","{""smart eye relative xpath"":""//a[normalize-space(.)='SD, NC, DC, OK, ID, OR, NH, and AK agents A new quoting system is coming that\u2019s easy as toast. You can quote us on that. FAO Portfolio Quoting is coming to SD, NC, DC, OK, ID, OR, NH, and AK agents Pop over to the Learning Center.']"",""smart eye relative xpath_1"":""//*[@id=\""portfolio-announcement-alpha-tease\""]/a[1]"",""xpath by id"":""//*[@id=\""portfolio-announcement-alpha-tease\""]/a[1]"",""xpath by tag"":""/html[1]/body[1]/div[1]/main[1]/div[1]/a[1]"",""cssselector by id & class"":""#portfolio-announcement-alpha-tease a""}","{""* isdisplayed"":""true"",""* isselected"":""false"",""data-ga"":""clickNoRedirect"",""* isenabled"":""true"",""href"":""https://75.qa.foragentsonly.com/portfolio"",""linktext"":""SD, NC, DC, OK, ID, OR, NH, and AK agents\t\t\t\t\tA new quoting system is coming that\u2019s easy as toast.\t\t\t\t\t\t\t\t\t\t\t\t\tYou can quote us on that.\t\t\t\t\t\t\t\t\t\t\t\t\tFAO Portfolio Quoting is coming to SD, NC, DC, OK, ID, OR, NH, and AK agents\t\t\t\t\tPop over to the Learning Center."",""tag"":""a"",""page url"":""https://75.qa.foragentsonly.com/home/?Welcome=641"",""data-label"":""portfolio-teaser-tray-banner-r11-A"",""target"":""_blank""}"
,"ForAgentsOnly.com - Home","lnk Snapshot trials completed: 32","lnk Snapshot trials completed: 32","Link","Smart Eye Relative XPath","//a[normalize-space(.)='Snapshot trials completed: 32']","{""smart eye relative xpath"":""//a[normalize-space(.)='Snapshot trials completed: 32']"",""smart eye relative xpath_1"":""//*[@id=\""smartViewAlertsTable\""]/div[@class=\""zone  zone02\""]/div[@class=\""smartViewRow\""]/div[@class=\""smartViewObject equalize\""]/div[@class=\""smartViewLinkNoIcon\""]/a[1]"",""xpath by id"":""//*[@id=\""smartViewAlertsTable\""]/div[@class=\""zone  zone02\""]/div[@class=\""smartViewRow\""]/div[@class=\""smartViewObject equalize\""]/div[@class=\""smartViewLinkNoIcon\""]/a[1]"",""xpath by tag"":""/html[1]/body[1]/div[1]/main[1]/section[1]/article[1]/div[2]/div[1]/div[1]/div[3]/div[1]/div[1]/a[1]"",""cssselector by id & class"":""#smartViewAlertsTable div:nth-child(1) div:nth-child(4) div:nth-child(1) div a""}","{""* isdisplayed"":""true"",""* isselected"":""false"",""data-ga"":""link"",""* isenabled"":""true"",""href"":""https://75.qa.foragentsonly.com/managepolicies/reports/SnapshotTrial/SnapshotTrialHome.aspx"",""linktext"":""Snapshot trials completed: 32"",""tag"":""a"",""page url"":""https://75.qa.foragentsonly.com/home/?Welcome=641"",""data-label"":""Smart View Alerts: Snapshot trials completed: 32""}"
,"ForAgentsOnly.com - Home","lnk Snowmobile","lnk Snowmobile","Link","Smart Eye Relative XPath","//a[normalize-space(.)='Snowmobile']","{""smart eye relative xpath"":""//a[normalize-space(.)='Snowmobile']"",""smart eye relative xpath_1"":""//*[@id=\""autoToys\""]/ul[@class=\""list pp-add-products\""]/li[6]/a[1]"",""xpath by id"":""//*[@id=\""autoToys\""]/ul[@class=\""list pp-add-products\""]/li[6]/a[1]"",""xpath by tag"":""/html[1]/body[1]/div[1]/main[1]/section[1]/aside[1]/div[1]/div[2]/form[1]/div[3]/div[1]/div[1]/section[1]/div[1]/ul[1]/li[6]/a[1]"",""cssselector by id & class"":""#autoToys ul li:nth-child(6) a""}","{""* isdisplayed"":""true"",""* isselected"":""false"",""* isenabled"":""true"",""href"":""https://75.qa.foragentsonly.com/home/?Welcome=641#"",""linktext"":""Snowmobile"",""tag"":""a"",""page url"":""https://75.qa.foragentsonly.com/home/?Welcome=641"",""data-pp-id"":""SM""}"
,"ForAgentsOnly.com - Home","lnk Success Stories","lnk Success Stories","Link","Smart Eye Relative XPath","//a[normalize-space(.)='Success Stories']","{""smart eye relative xpath"":""//a[normalize-space(.)='Success Stories']"",""smart eye relative xpath_1"":""//*[@id=\""quickLinks\""]/div[@class=\""ql-nav-block\""]/a[@class=\""handshake\""]"",""xpath by id"":""//*[@id=\""quickLinks\""]/div[@class=\""ql-nav-block\""]/a[@class=\""handshake\""]"",""xpath by tag"":""/html[1]/body[1]/div[1]/main[1]/section[1]/aside[2]/div[2]/div[1]/div[1]/div[2]/a[1]"",""cssselector by id & class"":""#quickLinks div:nth-child(2) a""}","{""* isdisplayed"":""true"",""* isselected"":""false"",""data-ga"":""link"",""* isenabled"":""true"",""href"":""https://75.qa.foragentsonly.com/platinum/successstories/"",""linktext"":""Success Stories"",""tag"":""a"",""page url"":""https://75.qa.foragentsonly.com/home/?Welcome=641"",""class"":""handshake"",""data-label"":""Platinum Links - SuccessStories""}"
,"ForAgentsOnly.com - Home","lnk Travel Trailer","lnk Travel Trailer","Link","Smart Eye Relative XPath","//a[normalize-space(.)='Travel Trailer']","{""smart eye relative xpath"":""//a[normalize-space(.)='Travel Trailer']"",""smart eye relative xpath_1"":""//*[@id=\""autoToys\""]/ul[@class=\""list pp-add-products\""]/li[5]/a[1]"",""xpath by id"":""//*[@id=\""autoToys\""]/ul[@class=\""list pp-add-products\""]/li[5]/a[1]"",""xpath by tag"":""/html[1]/body[1]/div[1]/main[1]/section[1]/aside[1]/div[1]/div[2]/form[1]/div[3]/div[1]/div[1]/section[1]/div[1]/ul[1]/li[5]/a[1]"",""cssselector by id & class"":""#autoToys ul li:nth-child(5) a""}","{""* isdisplayed"":""true"",""* isselected"":""false"",""* isenabled"":""true"",""href"":""https://75.qa.foragentsonly.com/home/?Welcome=641#"",""linktext"":""Travel Trailer"",""tag"":""a"",""page url"":""https://75.qa.foragentsonly.com/home/?Welcome=641"",""data-pp-id"":""TT""}"
,"ForAgentsOnly.com - Home","lnk Umbrella","lnk Umbrella","Link","Smart Eye Relative XPath","//a[normalize-space(.)='Umbrella']","{""smart eye relative xpath"":""//a[normalize-space(.)='Umbrella']"",""smart eye relative xpath_1"":""//*[@id=\""additionalProtection\""]/ul[@class=\""list pp-add-products\""]/li[1]/a[1]"",""xpath by id"":""//*[@id=\""additionalProtection\""]/ul[@class=\""list pp-add-products\""]/li[1]/a[1]"",""xpath by tag"":""/html[1]/body[1]/div[1]/main[1]/section[1]/aside[1]/div[1]/div[2]/form[1]/div[3]/div[1]/div[1]/section[1]/div[3]/div[1]/ul[1]/li[1]/a[1]"",""cssselector by id & class"":""#additionalProtection ul li:nth-child(1) a""}","{""* isdisplayed"":""true"",""* isselected"":""false"",""* isenabled"":""true"",""href"":""https://75.qa.foragentsonly.com/home/?Welcome=641#"",""linktext"":""Umbrella"",""tag"":""a"",""page url"":""https://75.qa.foragentsonly.com/home/?Welcome=641"",""data-pp-id"":""UB""}"
,"ForAgentsOnly.com - Home","sel Alabama","sel Alabama","Select","id","QuoteStateList","{""smart eye relative xpath"":""//*[@id=\""QuoteStateList\""]"",""xpath by id"":""//*[@id=\""QuoteStateList\""]"",""id"":""QuoteStateList"",""xpath by tag"":""/html[1]/body[1]/div[1]/main[1]/section[1]/aside[1]/div[1]/div[2]/form[1]/div[1]/div[2]/div[1]/select[1]"",""cssselector by id & class"":""#QuoteStateList""}","{""* alloptions"":"";Alabama;Alaska;Arizona;Arkansas;California;Colorado;Connecticut;Delaware;District of Columbia;Florida;Georgia;Hawaii;Idaho;Illinois;Indiana;Iowa;Kansas;Kentucky;Louisiana;Maine;Maryland;Massachusetts;Michigan;Minnesota;Mississippi;Missouri;Montana;Nebraska;Nevada;New Hampshire;New Jersey;New Mexico;New York;North Carolina;North Dakota;Ohio;Oklahoma;Oregon;Pennsylvania;Rhode Island;South Carolina;South Dakota;Tennessee;Texas;Utah;Vermont;Virginia;Washington;West Virginia;Wisconsin;Wyoming;"",""* isdisplayed"":""false"",""* isselected"":""false"",""onchange"":""BuildProductSelector(this.value);"",""* value(s)"":"";AL;AK;AZ;AR;CA;CO;CT;DE;DC;FL;GA;HI;ID;IL;IN;IA;KS;KY;LA;ME;MD;MA;MI;MN;MS;MO;MT;NE;NV;NH;NJ;NM;NY;NC;ND;OH;OK;OR;PA;RI;SC;SD;TN;TX;UT;VT;VA;WA;WV;WI;WY;"",""name"":"""",""data-ga"":""dropdownChangeWithValue"",""* isenabled"":""true"",""style"":""outline: green solid 2px;"",""id"":""QuoteStateList"",""tag"":""select"",""page url"":""https://75.qa.foragentsonly.com/home/?Welcome=641"",""class"":""modernDropdown"",""data-label"":""State Dropdown""}"
,"ForAgentsOnly.com - Home","sel Customer Summary","sel Customer Summary","Select","name","ctl00$MainContent$ddlPSAction","{""smart eye relative xpath"":""//select[@name= 'ctl00$MainContent$ddlPSAction']"",""smart eye relative xpath_1"":""//*[@id=\""ctl00_MainContent_ddlPSAction\""]"",""name"":""ctl00$MainContent$ddlPSAction"",""xpath by id"":""//*[@id=\""ctl00_MainContent_ddlPSAction\""]"",""id"":""ctl00_MainContent_ddlPSAction"",""xpath by tag"":""/html[1]/body[1]/div[1]/main[1]/section[1]/aside[1]/div[2]/form[1]/fieldset[1]/div[2]/div[1]/select[1]"",""cssselector by id & class"":""#ctl00_MainContent_ddlPSAction""}","{""* alloptions"":""Customer Summary;Policy Summary;View Policy History;Proof of Insurance;Print Documents;Make a Payment;Returned Check;View Policy Claims;Cancel Policy;Payment Receipt;"",""* isdisplayed"":""true"",""size"":""1"",""* isselected"":""false"",""name"":""ctl00$MainContent$ddlPSAction"",""* isenabled"":""true"",""id"":""ctl00_MainContent_ddlPSAction"",""tag"":""select"",""page url"":""https://75.qa.foragentsonly.com/home/?Welcome=641"",""class"":""form__select"",""* value(s)"":""customer_summary;policy_summary;view_policy_history;proof_of_insurance;print_documents;make_a_payment;returned_check;view_policy_claims;cancel_policy;payment_receipt;""}"
,"ForAgentsOnly.com - Home","sel Select One","sel Select One","Select","id","agentRewardsProducerName","{""smart eye relative xpath"":""//*[@id=\""agentRewardsProducerName\""]"",""xpath by id"":""//*[@id=\""agentRewardsProducerName\""]"",""id"":""agentRewardsProducerName"",""xpath by tag"":""/html[1]/body[1]/div[1]/main[1]/section[1]/aside[1]/div[3]/article[1]/div[3]/form[1]/div[1]/select[1]"",""cssselector by id & class"":""#agentRewardsProducerName""}","{""* alloptions"":""Select One;Agent, Ytest;Arnold 2, Alex 3;Brand, Jim;Claiborne, Mark (...1111);Crane, Holli;Crow, Slow (...2222);Davidson, Andrea (...5555);Farlow, Debra;Mullen, Michael;O' Cuffman, Patty (...3333);Producer, Alex (...8979);Rambo, John;Rhodes, Francis;Rhodes, Sanford;Scott, Mr (...9999);Shinosky, Jason (...2121);Smith, John;Stark, Tony;Tester, Lady (...9991);Testing, Automationfive;Testing, Automationfour;Testing, Automationone;Testing, Automationthree;Testing, Automationtwo;Testing, James;"",""* isdisplayed"":""true"",""* isselected"":""false"",""* isenabled"":""true"",""id"":""agentRewardsProducerName"",""tag"":""select"",""page url"":""https://75.qa.foragentsonly.com/home/?Welcome=641"",""class"":""form__select"",""* value(s)"":"";Agent, Ytest;Arnold 2, Alex 3;Brand, Jim;Claiborne, Mark (...1111);Crane, Holli;Crow, Slow (...2222);Davidson, Andrea (...5555);Farlow, Debra;Mullen, Michael;O' Cuffman, Patty (...3333);Producer, Alex (...8979);Rambo, John;Rhodes, Francis;Rhodes, Sanford;Scott, Mr (...9999);Shinosky, Jason (...2121);Smith, John;Stark, Tony;Tester, Lady (...9991);Testing, Automationfive;Testing, Automationfour;Testing, Automationone;Testing, Automationthree;Testing, Automationtwo;Testing, James;""}"
,"ForAgentsOnly.com - Home","SelectState","SelectState","Select","id","QuoteStateList","{""id"":""QuoteStateList""}","{}"
,"ForAgentsOnly.com - Home","txt .cls-1 {","txt .cls-1 {","Text Box","id","TxtFindPolicy","{""smart eye relative xpath"":""//*[@id=\""TxtFindPolicy\""]"",""xpath by id"":""//*[@id=\""TxtFindPolicy\""]"",""id"":""TxtFindPolicy"",""xpath by tag"":""/html[1]/body[1]/div[1]/header[1]/div[1]/div[2]/section[1]/div[1]/form[1]/div[1]/input[1]"",""cssselector by id & class"":""#TxtFindPolicy""}","{""* isdisplayed"":""true"",""data-at"":""header-search__input"",""* isselected"":""false"",""autocomplete"":""off"",""data-ga"":""clickNoRedirect"",""* isenabled"":""true"",""id"":""TxtFindPolicy"",""tag"":""input"",""page url"":""https://75.qa.foragentsonly.com/home/?Welcome=611"",""type"":""search"",""class"":""header-search__input"",""data-label"":""header-search__input""}"
,"ForAgentsOnly.com - Home","txt Customer's last/business name or policy number:","txt Customer's last/business name or policy number:","Text Box","name","ctl00$MainContent$ps1_polNbrLnameSrch","{""smart eye relative xpath"":""//input[@name= 'ctl00$MainContent$ps1_polNbrLnameSrch']"",""smart eye relative xpath_1"":""//*[@id=\""ctl00_MainContent_ps1_polNbrLnameSrch\""]"",""name"":""ctl00$MainContent$ps1_polNbrLnameSrch"",""xpath by id"":""//*[@id=\""ctl00_MainContent_ps1_polNbrLnameSrch\""]"",""id"":""ctl00_MainContent_ps1_polNbrLnameSrch"",""xpath by tag"":""/html[1]/body[1]/div[1]/main[1]/section[1]/aside[1]/div[2]/form[1]/fieldset[1]/div[1]/input[1]"",""cssselector by id & class"":""#ctl00_MainContent_ps1_polNbrLnameSrch""}","{""* isdisplayed"":""true"",""* isselected"":""false"",""name"":""ctl00$MainContent$ps1_polNbrLnameSrch"",""* isenabled"":""true"",""id"":""ctl00_MainContent_ps1_polNbrLnameSrch"",""onkeydown"":""ps_enter('ctl00_MainContent_ddlPSAction','ctl00_MainContent_ps1_polNbrLnameSrch',event)"",""tag"":""input"",""page url"":""https://75.qa.foragentsonly.com/home/?Welcome=611"",""type"":""text"",""class"":""form__input""}"
,"ForAgentsOnly.com Log In","Browser","Browser","Browser","NA","NA","{""na"":""NA""}","{}"
,"ForAgentsOnly.com Log In","btn Log In","btn Log In","Button","name","image1","{""smart eye relative xpath"":""//input[@type='submit' and @value='Log In' ]"",""smart eye relative xpath_1"":""//*[@id=\""image1\""]"",""name"":""image1"",""xpath by id"":""//*[@id=\""image1\""]"",""id"":""image1"",""xpath by tag"":""/html[1]/body[1]/div[1]/div[2]/div[1]/div[2]/div[1]/form[1]/div[3]/input[1]"",""cssselector by id & class"":""#image1""}","{""* isdisplayed"":""true"",""* isselected"":""false"",""title"":""Go"",""type"":""submit"",""data-at"":""external-login-input-login-button"",""name"":""image1"",""* isenabled"":""true"",""style"":"""",""id"":""image1"",""tag"":""input"",""page url"":""https://75.qa.foragentsonly.com/login/"",""class"":""blueBtn base-btn loginButton"",""value"":""Log In""}"
,"ForAgentsOnly.com Log In","ele Welcome to ForAgentsOnly.com, available exclusively for Progressive agents. Managing customer policies has never been easier!","ele Welcome to ForAgentsOnly.com, available exclusively for Progressive agents. Managing customer policies has never been easier!","Web Element","id","loginMMA","{""smart eye relative xpath"":""//*[@id=\""loginMMA\""]"",""xpath by id"":""//*[@id=\""loginMMA\""]"",""id"":""loginMMA"",""xpath by tag"":""/html[1]/body[1]/div[1]/div[2]/div[1]"",""cssselector by id & class"":""#loginMMA""}","{""* isdisplayed"":""true"",""* isselected"":""false"",""* isenabled"":""true"",""style"":"""",""id"":""loginMMA"",""tag"":""div"",""page url"":""https://75.qa.foragentsonly.com/login/"",""class"":""login-main-container cf""}"
,"ForAgentsOnly.com Log In","Pwd User Password","Pwd User Password","Password","name","password1","{""smart eye relative xpath"":""//input[@name= 'password1']"",""smart eye relative xpath_1"":""//*[@id=\""password1\""]"",""name"":""password1"",""xpath by id"":""//*[@id=\""password1\""]"",""id"":""password1"",""xpath by tag"":""/html[1]/body[1]/div[1]/div[2]/div[1]/div[2]/div[1]/form[1]/div[2]/input[1]"",""cssselector by id & class"":""#password1""}","{""* isdisplayed"":""true"",""* isselected"":""false"",""autocomplete"":""off"",""maxlength"":""50"",""type"":""password"",""data-val"":""true"",""data-at"":""external-login-input-textbox-password"",""size"":""55"",""data-val-required"":""Please enter your Password."",""name"":""password1"",""* isenabled"":""true"",""style"":"""",""id"":""password1"",""tag"":""input"",""page url"":""https://75.qa.foragentsonly.com/login/"",""class"":""placeholderInput loginInput"",""value"":""""}"
,"ForAgentsOnly.com Log In","txt User ID / Agent Code","txt User ID / Agent Code","Text Box","name","user1","{""smart eye relative xpath"":""//input[@name= 'user1']"",""smart eye relative xpath_1"":""//*[@id=\""user1\""]"",""name"":""user1"",""xpath by id"":""//*[@id=\""user1\""]"",""id"":""user1"",""xpath by tag"":""/html[1]/body[1]/div[1]/div[2]/div[1]/div[2]/div[1]/form[1]/div[1]/input[1]"",""cssselector by id & class"":""#user1""}","{""* isdisplayed"":""true"",""* isselected"":""false"",""maxlength"":""50"",""type"":""text"",""data-val-regex"":""Please provide a valid User ID or Agent Code."",""required"":""true"",""data-val"":""true"",""data-at"":""external-login-input-textbox-user-id-agent"",""data-val-regex-pattern"":""^([a-zA-Z0-9~`!@#$^&*\\-_+=|\\\\/:;\""',.?]{6,30}\\s*)|([a-zA-Z0-9]{5}\\s*)$"",""size"":""55"",""data-val-required"":""Please provide a valid User ID or Agent Code."",""name"":""user1"",""* isenabled"":""true"",""style"":"""",""id"":""user1"",""tag"":""input"",""page url"":""https://75.qa.foragentsonly.com/login/"",""class"":""placeholderInput"",""value"":""""}"
,"ForAgentsOnly.com Log In","wait","wait","Web Element","NA","NA","{""na"":""NA""}","{}"
,"Generic","Generic","Generic","Excel","NA","NA","{""na"":""NA""}","{}"
,"Generic","Test","Test","Web Element","Xpath","//*[text()='test']","{""xpath"":""//*[text()='test']""}","{}"
,"Generic","URL","URL","Browser","NA","NA","{""na"":""NA""}","{}"
,"Generic","Wait","Wait","GENERIC","NA","NA","{""na"":""NA""}","{}"
,"OrangeHRM","Login_btn","Login_btn","Button","Xpath","//input[@id='btnLogin']","{""xpath"":""//input[@id='btnLogin']""}","{}"
,"OrangeHRM","Password","Password","Text Box","Xpath","//input[@id='txtPassword']","{""xpath"":""//input[@id='txtPassword']""}","{}"
,"OrangeHRM","UserName","UserName","Text Box","Xpath","//input[@id='txtUsername']","{""xpath"":""//input[@id='txtUsername']""}","{}"
,"Rates","ContinueToBuy","ContinueToBuy","Button","Xpath","//div[@id='body']/div[2]/div[4]/div/div[1]//span[@fieldref='Continue to Buy']","{""xpath"":""//div[@id='body']/div[2]/div[4]/div/div[1]//span[@fieldref='Continue to Buy']""}","{}"
,"Reusable Objects","BOI_CommercialAuto","[[REUSABLE]]","ReUsable","NA","BOI_CommercialAuto","{""na"":""BOI_CommercialAuto""}","{}"
,"Reusable Objects","Login Minnesota","[[REUSABLE]]","ReUsable","NA","Login","{""na"":""Login""}","{}"
,"VehicleInfo","AddVehicle","AddVehicle","Button","Xpath","//span[@fieldref='Add Vehicle']","{""xpath"":""//span[@fieldref='Add Vehicle']""}","{}"
,"VehicleInfo","AverageNumber","AverageNumber","Text Box","Xpath","//input[@fieldref='BCBTUVehQuestions.V02TripsPerDay']","{""xpath"":""//input[@fieldref='BCBTUVehQuestions.V02TripsPerDay']""}","{}"
,"VehicleInfo","Business&Personal","Business&Personal","Radio","Xpath","//label[text()='Business & Personal']//preceding-sibling::span","{""xpath"":""//label[text()='Business & Personal']//preceding-sibling::span""}","{}"
,"VehicleInfo","FarthestOneWayDistance","FarthestOneWayDistance","Text Box","Xpath","//input[@fieldref='RiskInput.Radius']","{""xpath"":""//input[@fieldref='RiskInput.Radius']""}","{}"
,"VehicleInfo","FarthestOneWayDistanceValue","FarthestOneWayDistanceValue","Web Element","Xpath","//li[contains(text(),'50 miles')]","{""xpath"":""//li[contains(text(),'50 miles')]""}","{}"
,"VehicleInfo","LookUpVIN","LookUpVIN","Button","Xpath","//span[text()='Lookup VIN']","{""xpath"":""//span[text()='Lookup VIN']""}","{}"
,"VehicleInfo","NoCoverage","NoCoverage","Web Element","Xpath","//label[text()='No']//preceding-sibling::span/input","{""xpath"":""//label[text()='No']//preceding-sibling::span/input""}","{}"
,"VehicleInfo","Own&doNotMakePayement","Own&doNotMakePayement","Web Element","Xpath","//li[contains(text(),'Own and do not make payment')]","{""xpath"":""//li[contains(text(),'Own and do not make payment')]""}","{}"
,"VehicleInfo","OwnorLease?","OwnorLease?","Text Box","Xpath","//input[@fieldref='RiskInput.OwnLeaseIndicator']","{""xpath"":""//input[@fieldref='RiskInput.OwnLeaseIndicator']""}","{}"
,"VehicleInfo","Save&Continue","Save&Continue","Button","Xpath","//div[@class='styleWithOutPanels']/div[3]/div[2]/div[5]//span[@fieldref='Save & Continue']","{""xpath"":""//div[@class='styleWithOutPanels']/div[3]/div[2]/div[5]//span[@fieldref='Save & Continue']""}","{}"
,"VehicleInfo","Save&Continue2","Save&Continue2","Button","Xpath","//div[@class='x_PaddingAbove']//span[text()='Save & Continue']","{""xpath"":""//div[@class='x_PaddingAbove']//span[text()='Save & Continue']""}","{}"
,"VehicleInfo","SelectCar","SelectCar","Link","linktext","{ds=y;VehicleType}","{""linktext"":""{ds=y;VehicleType}""}","{}"
,"VehicleInfo","VIN","VIN","Text Box","Xpath","//input[@fieldref='RiskInput.VIN']","{""xpath"":""//input[@fieldref='RiskInput.VIN']""}","{}"
